{
  "benchmark": "locomo-api",
  "timestamp": "2026-03-29T14:02:03.671716+00:00",
  "server_version": "0.5.5+121",
  "user_id": "locomo_bench_1774792919",
  "n_memories": 20,
  "n_queries": 20,
  "metrics": {
    "overall_mrr": 0.8958333333333334,
    "overall_hit_at_5": 0.95,
    "overall_hit_at_10": 1.0,
    "overall_recall_at_5": 0.8683333333333334,
    "overall_recall_at_10": 0.9716666666666667
  },
  "per_category": {
    "single-hop": {
      "mrr": 1.0,
      "hit_at_5": 1.0,
      "hit_at_10": 1.0,
      "recall_at_5": 1.0,
      "recall_at_10": 1.0,
      "n": 5
    },
    "temporal": {
      "mrr": 1.0,
      "hit_at_5": 1.0,
      "hit_at_10": 1.0,
      "recall_at_5": 1.0,
      "recall_at_10": 1.0,
      "n": 5
    },
    "multi-hop": {
      "mrr": 0.9,
      "hit_at_5": 1.0,
      "hit_at_10": 1.0,
      "recall_at_5": 1.0,
      "recall_at_10": 1.0,
      "n": 5
    },
    "open-domain": {
      "mrr": 0.6833333333333333,
      "hit_at_5": 0.8,
      "hit_at_10": 1.0,
      "recall_at_5": 0.47333333333333333,
      "recall_at_10": 0.8866666666666667,
      "n": 5
    }
  },
  "results": [
    {
      "index": 1,
      "category": "single-hop",
      "query": "What database did we choose for the analytics pipeline?",
      "expected_tags": [
        "M02"
      ],
      "returned_tags": [
        "M02",
        "M18",
        "M09",
        "M08",
        "M16",
        "M20",
        "M19",
        "M10",
        "M03",
        "M12"
      ],
      "returned_scores": [
        0.832,
        0.8598,
        0.7358,
        0.622,
        0.606,
        0.578,
        0.508,
        0.3876,
        0.314,
        0.24580002
      ],
      "mrr": 1.0,
      "hit_at_5": 1.0,
      "hit_at_10": 1.0,
      "recall_at_5": 1.0,
      "recall_at_10": 1.0
    },
    {
      "index": 2,
      "category": "single-hop",
      "query": "What was the root cause of the Redis cache invalidation bug?",
      "expected_tags": [
        "M05"
      ],
      "returned_tags": [
        "M05",
        "M01",
        "M03",
        "M09",
        "M19",
        "M20",
        "M02",
        "M16",
        "M18",
        "M08"
      ],
      "returned_scores": [
        0.874,
        0.804,
        0.734,
        0.6658,
        0.64800006,
        0.578,
        0.4139968,
        0.39600003,
        0.3698,
        0.20200002
      ],
      "mrr": 1.0,
      "hit_at_5": 1.0,
      "hit_at_10": 1.0,
      "recall_at_5": 1.0,
      "recall_at_10": 1.0
    },
    {
      "index": 3,
      "category": "single-hop",
      "query": "What is my preferred IDE theme and font?",
      "expected_tags": [
        "M04"
      ],
      "returned_tags": [
        "M04",
        "M20",
        "M16",
        "M09",
        "M19",
        "M17",
        "M18",
        "M11",
        "M15",
        "M14"
      ],
      "returned_scores": [
        0.874,
        0.85800004,
        0.746,
        0.6658,
        0.64800006,
        0.578,
        0.50979996,
        0.3858,
        0.36800003,
        0.29980004
      ],
      "mrr": 1.0,
      "hit_at_5": 1.0,
      "hit_at_10": 1.0,
      "recall_at_5": 1.0,
      "recall_at_10": 1.0
    },
    {
      "index": 4,
      "category": "single-hop",
      "query": "How many story points did we commit to in Sprint 14?",
      "expected_tags": [
        "M01"
      ],
      "returned_tags": [
        "M01",
        "M20",
        "M19",
        "M18",
        "M15",
        "M13",
        "M03",
        "M05",
        "M10",
        "M12"
      ],
      "returned_scores": [
        0.874,
        0.85800004,
        0.78800005,
        0.7198,
        0.64800006,
        0.5798,
        0.454,
        0.38400003,
        0.3176,
        0.24580002
      ],
      "mrr": 1.0,
      "hit_at_5": 1.0,
      "hit_at_10": 1.0,
      "recall_at_5": 1.0,
      "recall_at_10": 1.0
    },
    {
      "index": 5,
      "category": "single-hop",
      "query": "What were the security vulnerabilities found in the penetration test?",
      "expected_tags": [
        "M14"
      ],
      "returned_tags": [
        "M14",
        "M20",
        "M05",
        "M07",
        "M19",
        "M18",
        "M16",
        "M15",
        "M10",
        "M09"
      ],
      "returned_scores": [
        0.92980003,
        0.85800004,
        0.734,
        0.66400003,
        0.64800006,
        0.5798,
        0.46599996,
        0.43800002,
        0.3176,
        0.24580002
      ],
      "mrr": 1.0,
      "hit_at_5": 1.0,
      "hit_at_10": 1.0,
      "recall_at_5": 1.0,
      "recall_at_10": 1.0
    },
    {
      "index": 6,
      "category": "temporal",
      "query": "What happened during the production incident that caused downtime?",
      "expected_tags": [
        "M09"
      ],
      "returned_tags": [
        "M09",
        "M07",
        "M16",
        "M20",
        "M02",
        "M08",
        "M19",
        "M18",
        "M15",
        "M13"
      ],
      "returned_scores": [
        0.8758,
        0.804,
        0.746,
        0.718,
        0.5539968,
        0.482,
        0.508,
        0.43980002,
        0.36800003,
        0.29980004
      ],
      "mrr": 1.0,
      "hit_at_5": 1.0,
      "hit_at_10": 1.0,
      "recall_at_5": 1.0,
      "recall_at_10": 1.0
    },
    {
      "index": 7,
      "category": "temporal",
      "query": "When is my conference talk and what is it about?",
      "expected_tags": [
        "M11"
      ],
      "returned_tags": [
        "M11",
        "M20",
        "M19",
        "M17",
        "M18",
        "M16",
        "M15",
        "M14",
        "M09",
        "M13"
      ],
      "returned_scores": [
        0.8758,
        0.85800004,
        0.78800005,
        0.718,
        0.64980006,
        0.536,
        0.508,
        0.43980002,
        0.3158,
        0.29980004
      ],
      "mrr": 1.0,
      "hit_at_5": 1.0,
      "hit_at_10": 1.0,
      "recall_at_5": 1.0,
      "recall_at_10": 1.0
    },
    {
      "index": 8,
      "category": "temporal",
      "query": "When does Priya start and who is she replacing?",
      "expected_tags": [
        "M15"
      ],
      "returned_tags": [
        "M15",
        "M20",
        "M19",
        "M17",
        "M18",
        "M16",
        "M11",
        "M14",
        "M09",
        "M10"
      ],
      "returned_scores": [
        0.92800003,
        0.85800004,
        0.78800005,
        0.718,
        0.64980006,
        0.536,
        0.4558,
        0.43980002,
        0.3158,
        0.24760002
      ],
      "mrr": 1.0,
      "hit_at_5": 1.0,
      "hit_at_10": 1.0,
      "recall_at_5": 1.0,
      "recall_at_10": 1.0
    },
    {
      "index": 9,
      "category": "temporal",
      "query": "What are the dates for the company hackathon?",
      "expected_tags": [
        "M17"
      ],
      "returned_tags": [
        "M17",
        "M19",
        "M16",
        "M20",
        "M10",
        "M15",
        "M07",
        "M13"
      ],
      "returned_scores": [
        0.92800003,
        0.84050006,
        0.71279037,
        0.66550004,
        0.5276,
        0.49050003,
        0.34900004,
        0.31730002
      ],
      "mrr": 1.0,
      "hit_at_5": 1.0,
      "hit_at_10": 1.0,
      "recall_at_5": 1.0,
      "recall_at_10": 1.0
    },
    {
      "index": 10,
      "category": "temporal",
      "query": "When was the EU checkout latency issue finally resolved?",
      "expected_tags": [
        "M19"
      ],
      "returned_tags": [
        "M19",
        "M03",
        "M10",
        "M13",
        "M14",
        "M18",
        "M20",
        "M16",
        "M09",
        "M15"
      ],
      "returned_scores": [
        0.92800003,
        0.804,
        0.7376,
        0.7198,
        0.64980006,
        0.5798,
        0.508,
        0.39779043,
        0.3158,
        0.29800004
      ],
      "mrr": 1.0,
      "hit_at_5": 1.0,
      "hit_at_10": 1.0,
      "recall_at_5": 1.0,